{
  "benchmark": "python_functions_20",
  "base_model": "base:Qwen/Qwen3-8B",
  "tuned_model": "b3bee275-10f8-47ea-a6a8-34b62c95f8ac",
  "base_functional_avg": 0.7833333333333333,
  "tuned_functional_avg": 0.7833333333333333,
  "delta_functional": 0.0,
  "base_repeats": [
    15,
    15,
    17
  ],
  "tuned_repeats": [
    16,
    16,
    15
  ],
  "base_runnable_avg": 0.7999999999999999,
  "tuned_runnable_avg": 0.8000000000000002,
  "delta_runnable": 2.220446049250313e-16,
  "base_fenced_avg": 0.7833333333333333,
  "tuned_fenced_avg": 0.7833333333333333,
  "delta_fenced": 0.0
}